<SyntaxModes version="1.0">
	<Mode file       = "ASPX.xshd"
	      name       = "ASP/XHTML"
	      extensions = ".asp;.aspx;.asax;.asmx"/>
	
	<Mode file       = "BAT-Mode.xshd"
	      name       = "BAT"
	      extensions = ".bat"/>
	
	<Mode file       = "Boo.xshd"
	      name       = "Boo"
	      extensions = ".boo"/>
	
	<Mode file       = "Coco-Mode.xshd"
	      name       = "Coco"
	      extensions = ".atg"/>
	
	<Mode file       = "CPP-Mode.xshd"
	      name       = "C++.NET"
	      extensions = ".c;.h;.cc;.C;.cpp;.hpp"/>
	
	<Mode file       = "CSharp-Mode.xshd"
	      name       = "C#"
	      extensions = ".cs"/>
	
	<Mode file       = "HTML-Mode.xshd"
	      name       = "HTML"
	      extensions = ".htm;.html"/>
	
	<Mode file       = "Java-Mode.xshd"
	      name       = "Java"
	      extensions = ".java"/>
	
	<Mode file       = "JavaScript-Mode.xshd"
	      name       = "JavaScript"
	      extensions = ".js"/>
	
	<Mode file       = "Patch-Mode.xshd"
	      name       = "Patch"
	      extensions = ".patch;.diff"/>
	
	<Mode file       = "PHP-Mode.xshd"
	      name       = "PHP"
	      extensions = ".php"/>
	
	<Mode file       = "Tex-Mode.xshd"
	      name       = "TeX"
	      extensions = ".tex"/>
	
	<Mode file       = "VBNET-Mode.xshd"
	      name       = "VBNET"
	      extensions = ".vb"/>
	
	<Mode file       = "XML-Mode.xshd"
	      name       = "XML"
	      extensions = ".xml;.xsl;.xslt;.xsd;.manifest;.config;.addin;.xshd;.wxs;.wxi;.wxl;.proj;.csproj;.vbproj;.ilproj;.booproj;.build;.xfrm;.targets;.xaml;.xpt;.xft;.map;.wsdl;.disco"/>

  <Mode file       = "SQL-Mode.xshd"
	      name       = "SQL"
	      extensions = ".sql"/>
  
  <Mode file       = "Metadrone-Template.xshd"
	      name       = "MetadroneTemplate"
	      extensions = ".mdt"/>
  
  <Mode file       = "Metadrone-Main.xshd"
	      name       = "MetadroneMain"
	      extensions = ".mdm"/>

  <Mode file       = "Metadrone-SuperMain.xshd"
	      name       = "MetadroneSuperMain"
	      extensions = ".mds"/>

  <Mode file       = "Metadrone-Transformations.xshd"
	      name       = "MetadroneTransformations"
	      extensions = ".mdr"/>
</SyntaxModes>
